[
    {
        "id":1,
        "name":"Chetan Bhagat",
        "title":"2 states",
        "price":0,
        "category":"free",
        "image":"https://encrypted-tbn0.gstatic.com/images?q=tbn:ANd9GcSdmzfyGqcn3FMvymebjX_xuKLo3S2aVXl6MeF27teozQ&s"
        
    },
    {
        "id":2,
        "name":"Chetan Bhagat",
        "title":"3 states",
        "price":0,
        "category":"free",
        "image":"https://encrypted-tbn0.gstatic.com/images?q=tbn:ANd9GcSdmzfyGqcn3FMvymebjX_xuKLo3S2aVXl6MeF27teozQ&s"
        
    },
    {
        "id":3,
        "name":"Chetan Bhagat",
        "title":"Lorem ipsum dolor sit amet",
        "price":0,
        "category":"free",
        "image":"https://encrypted-tbn0.gstatic.com/images?q=tbn:ANd9GcSdmzfyGqcn3FMvymebjX_xuKLo3S2aVXl6MeF27teozQ&s"
        
    },
    {
        "id":4,
        "name":"Chetan Bhagat",
        "title":"Lorem ipsum dolor sit amet",
        "price":100,
        "category":"free",
        "image":"https://encrypted-tbn0.gstatic.com/images?q=tbn:ANd9GcSdmzfyGqcn3FMvymebjX_xuKLo3S2aVXl6MeF27teozQ&s"
        
    },
    {
        "id":5,
        "name":"Chetan Bhagat",
        "title":"Lorem ipsum dolor sit amet",
        "price":50,
        "category":"free",
        "image":"https://encrypted-tbn0.gstatic.com/images?q=tbn:ANd9GcSdmzfyGqcn3FMvymebjX_xuKLo3S2aVXl6MeF27teozQ&s"
        
    },
    {
        "id":6,
        "name":"Chetan Bhagat",
        "title":"Lorem ipsum dolor sit amet",
        "price":56,
        "category":"free",
        "image":"https://encrypted-tbn0.gstatic.com/images?q=tbn:ANd9GcSdmzfyGqcn3FMvymebjX_xuKLo3S2aVXl6MeF27teozQ&s"
        
    },
    {
        "id":6,
        "name":"Chetan Bhagat",
        "title":"Lorem ipsum dolor sit amet",
        "price":56,
        "category":"free",
        "image":"https://encrypted-tbn0.gstatic.com/images?q=tbn:ANd9GcSdmzfyGqcn3FMvymebjX_xuKLo3S2aVXl6MeF27teozQ&s"
        
    },
    {
        "id":6,
        "name":"Chetan Bhagat",
        "title":"Lorem ipsum dolor sit amet",
        "price":56,
        "category":"free",
        "image":"https://encrypted-tbn0.gstatic.com/images?q=tbn:ANd9GcSdmzfyGqcn3FMvymebjX_xuKLo3S2aVXl6MeF27teozQ&s"
        
    },
    {
        "id":6,
        "name":"Chetan Bhagat",
        "title":"Lorem ipsum dolor sit amet",
        "price":56,
        "category":"free",
        "image":"https://encrypted-tbn0.gstatic.com/images?q=tbn:ANd9GcSdmzfyGqcn3FMvymebjX_xuKLo3S2aVXl6MeF27teozQ&s"
        
    }
]